item,name,description,type,category,subcategory,label,wiki_found,wiki_languages,predicted_label,confidence,prob_cultural_agnostic,prob_cultural_representative,prob_cultural_exclusive,input_text
http://www.wikidata.org/entity/Q36834,composer,person who is an author of music in any form,concept,music,musician,cultural agnostic,False,0,cultural agnostic,0.9048436,0.9048436,0.05432691,0.040829502,Item: composer. Description: person who is an author of music in any form. Type: concept. Category: music. Subcategory: musician.
http://www.wikidata.org/entity/Q8538,Image Engine,visual effects company,entity,comics and anime,animation studio,cultural exclusive,False,0,cultural agnostic,0.87895,0.87895,0.069432765,0.051617317,Item: Image Engine. Description: visual effects company. Type: entity. Category: comics and anime. Subcategory: animation studio.
http://www.wikidata.org/entity/Q182357,lyric poetry,formal type of poetry,concept,literature,poetry,cultural agnostic,False,0,cultural agnostic,0.8901394,0.8901394,0.06692913,0.042931434,Item: lyric poetry. Description: formal type of poetry. Type: concept. Category: literature. Subcategory: poetry.
http://www.wikidata.org/entity/Q56000,naturalism,"belief that only natural laws, entities and forces operate in the universe",entity,philosophy and religion,philosophical movement,cultural agnostic,False,0,cultural agnostic,0.87832886,0.87832886,0.07840979,0.04326132,"Item: naturalism. Description: belief that only natural laws, entities and forces operate in the universe. Type: entity. Category: philosophy and religion. Subcategory: philosophical movement."
http://www.wikidata.org/entity/Q15783,skateboard,wheeled board used for skateboarding,concept,sports,sports equipment,cultural agnostic,False,0,cultural agnostic,0.8896035,0.8896035,0.07196504,0.038431384,Item: skateboard. Description: wheeled board used for skateboarding. Type: concept. Category: sports. Subcategory: sports equipment.
http://www.wikidata.org/entity/Q1792450,art historian,humanist who is engaged in history of art,concept,history,historian,cultural agnostic,False,0,cultural agnostic,0.89942586,0.89942586,0.058866624,0.041707452,Item: art historian. Description: humanist who is engaged in history of art. Type: concept. Category: history. Subcategory: historian.
http://www.wikidata.org/entity/Q118865,clarinetist,musician who plays the clarinet,concept,music,musical profession,cultural agnostic,False,0,cultural agnostic,0.86662424,0.86662424,0.0875907,0.045785125,Item: clarinetist. Description: musician who plays the clarinet. Type: concept. Category: music. Subcategory: musical profession.
http://www.wikidata.org/entity/Q376596,courtship,"ritual, period in a couple's relationship which precedes their engagement and marriage",concept,gestures and habits,ritual,cultural agnostic,False,0,cultural agnostic,0.87611157,0.87611157,0.07716065,0.04672776,"Item: courtship. Description: ritual, period in a couple's relationship which precedes their engagement and marriage. Type: concept. Category: gestures and habits. Subcategory: ritual."
http://www.wikidata.org/entity/Q24649,European political party,transnational political party operating at the level of the European Union,concept,politics,political party,cultural representative,False,0,cultural agnostic,0.8283339,0.8283339,0.100997075,0.070669,Item: European political party. Description: transnational political party operating at the level of the European Union. Type: concept. Category: politics. Subcategory: political party.
http://www.wikidata.org/entity/Q14924,golf ball retriever,tool used by golfers,concept,sports,sports equipment,cultural agnostic,False,0,cultural agnostic,0.8687684,0.8687684,0.08730344,0.043928113,Item: golf ball retriever. Description: tool used by golfers. Type: concept. Category: sports. Subcategory: sports equipment.
http://www.wikidata.org/entity/Q27114292,posting style,style of quoting and replying to an email or post on an Internet forum,concept,literature,writing style,cultural agnostic,False,0,cultural agnostic,0.9030267,0.9030267,0.05375752,0.043215767,Item: posting style. Description: style of quoting and replying to an email or post on an Internet forum. Type: concept. Category: literature. Subcategory: writing style.
http://www.wikidata.org/entity/Q1661080,small press,publisher with low annual sales revenue and/or few titles,concept,literature,publisher,cultural agnostic,False,0,cultural agnostic,0.89451015,0.89451015,0.06006714,0.045422766,Item: small press. Description: publisher with low annual sales revenue and/or few titles. Type: concept. Category: literature. Subcategory: publisher.
http://www.wikidata.org/entity/Q479716,university press,publisher associated with a university,concept,literature,publisher,cultural agnostic,False,0,cultural agnostic,0.87306434,0.87306434,0.07028038,0.056655377,Item: university press. Description: publisher associated with a university. Type: concept. Category: literature. Subcategory: publisher.
http://www.wikidata.org/entity/Q11629,art of painting,"practice of applying paint, pigment, color or other medium to a surface",concept,visual arts,visual arts,cultural agnostic,False,0,cultural agnostic,0.891017,0.891017,0.06548947,0.04349347,"Item: art of painting. Description: practice of applying paint, pigment, color or other medium to a surface. Type: concept. Category: visual arts. Subcategory: visual arts."
http://www.wikidata.org/entity/Q1706696,engastration,Cooking technique,concept,food,cooking technique,cultural agnostic,False,0,cultural agnostic,0.7642214,0.7642214,0.09132331,0.14445537,Item: engastration. Description: Cooking technique. Type: concept. Category: food. Subcategory: cooking technique.
http://www.wikidata.org/entity/Q658371,extra,"actor with a very minor part, typically non-speaking and in the background",concept,performing arts,actor,cultural agnostic,False,0,cultural agnostic,0.8920038,0.8920038,0.06232387,0.045672335,"Item: extra. Description: actor with a very minor part, typically non-speaking and in the background. Type: concept. Category: performing arts. Subcategory: actor."
http://www.wikidata.org/entity/Q30461,president,"leader of a country or part of a country, usually in republics",entity,politics,politician,cultural agnostic,False,0,cultural agnostic,0.84659415,0.84659415,0.0937213,0.059684493,"Item: president. Description: leader of a country or part of a country, usually in republics. Type: entity. Category: politics. Subcategory: politician."
http://www.wikidata.org/entity/Q17084639,socks and sandals,wearing socks and sandals together,concept,fashion,fashion trend,cultural agnostic,False,0,cultural agnostic,0.8771311,0.8771311,0.075567916,0.047301,Item: socks and sandals. Description: wearing socks and sandals together. Type: concept. Category: fashion. Subcategory: fashion trend.
http://www.wikidata.org/entity/Q13178,Vaccinium sect. Cyanococcus,section of plants,concept,food,food,cultural agnostic,False,0,cultural agnostic,0.8880262,0.8880262,0.06033611,0.05163776,Item: Vaccinium sect. Cyanococcus. Description: section of plants. Type: concept. Category: food. Subcategory: food.
http://www.wikidata.org/entity/Q7066,atheism,absence of belief in the existence of deities; the opposite of theism,concept,philosophy and religion,philosophical movement,cultural agnostic,False,0,cultural agnostic,0.8643247,0.8643247,0.08995533,0.04571996,Item: atheism. Description: absence of belief in the existence of deities; the opposite of theism. Type: concept. Category: philosophy and religion. Subcategory: philosophical movement.
http://www.wikidata.org/entity/Q9465,ethics,"branch of philosophy that systematizes, defends, and recommends concepts of right and wrong conduct",concept,philosophy and religion,philosophy,cultural agnostic,False,0,cultural agnostic,0.89060324,0.89060324,0.06928062,0.040116217,"Item: ethics. Description: branch of philosophy that systematizes, defends, and recommends concepts of right and wrong conduct. Type: concept. Category: philosophy and religion. Subcategory: philosophy."
http://www.wikidata.org/entity/Q693,fable,short fictional story that often anthropomorphises non-humans to illustrate a moral lesson,concept,literature,literary genre,cultural agnostic,False,0,cultural agnostic,0.8157972,0.8157972,0.13248193,0.05172079,Item: fable. Description: short fictional story that often anthropomorphises non-humans to illustrate a moral lesson. Type: concept. Category: literature. Subcategory: literary genre.
http://www.wikidata.org/entity/Q264238,newsletter,"printed or electronic report containing news concerning the activities of a business or an organization that is sent to its members, customers, employees or other subscribers",concept,media,magazine,cultural agnostic,False,0,cultural agnostic,0.8939762,0.8939762,0.062197328,0.04382646,"Item: newsletter. Description: printed or electronic report containing news concerning the activities of a business or an organization that is sent to its members, customers, employees or other subscribers. Type: concept. Category: media. Subcategory: magazine."
http://www.wikidata.org/entity/Q7554349,software publisher,publishing company in the software industry between the developer and the distributor,concept,literature,publisher,cultural agnostic,False,0,cultural agnostic,0.9070509,0.9070509,0.049303155,0.043645855,Item: software publisher. Description: publishing company in the software industry between the developer and the distributor. Type: concept. Category: literature. Subcategory: publisher.
http://www.wikidata.org/entity/Q618710,gauze,thin translucent fabric with a open weave,entity,fashion,textile,cultural agnostic,False,0,cultural agnostic,0.8926137,0.8926137,0.06357052,0.043815747,Item: gauze. Description: thin translucent fabric with a open weave. Type: entity. Category: fashion. Subcategory: textile.
http://www.wikidata.org/entity/Q8362,manuscript illumination,picture in an ancient or medieval illuminated manuscript,concept,visual arts,painting,cultural representative,False,0,cultural agnostic,0.8784155,0.8784155,0.078774154,0.042810317,Item: manuscript illumination. Description: picture in an ancient or medieval illuminated manuscript. Type: concept. Category: visual arts. Subcategory: painting.
http://www.wikidata.org/entity/Q10892,protist,"eukaryotic organisms that are not animals, plants or fungi",concept,biology,organism,cultural agnostic,False,0,cultural agnostic,0.9032717,0.9032717,0.053900074,0.04282834,"Item: protist. Description: eukaryotic organisms that are not animals, plants or fungi. Type: concept. Category: biology. Subcategory: organism."
http://www.wikidata.org/entity/Q178406,solo dance,dance performed by a single dancer,entity,performing arts,dance,cultural agnostic,False,0,cultural agnostic,0.8885644,0.8885644,0.06564941,0.045786183,Item: solo dance. Description: dance performed by a single dancer. Type: entity. Category: performing arts. Subcategory: dance.
http://www.wikidata.org/entity/Q245068,comedian,"person who seeks to entertain an audience, primarily by making them laugh",concept,visual arts,artist,cultural agnostic,False,0,cultural agnostic,0.8674155,0.8674155,0.08874601,0.04383844,"Item: comedian. Description: person who seeks to entertain an audience, primarily by making them laugh. Type: concept. Category: visual arts. Subcategory: artist."
http://www.wikidata.org/entity/Q45594,greeting,act of communication to acknowledge another person,concept,gestures and habits,ritual,cultural agnostic,False,0,cultural agnostic,0.8894459,0.8894459,0.06714038,0.043413803,Item: greeting. Description: act of communication to acknowledge another person. Type: concept. Category: gestures and habits. Subcategory: ritual.
http://www.wikidata.org/entity/Q518390,nod,gesture,concept,gestures and habits,gesture,cultural agnostic,False,0,cultural agnostic,0.87863505,0.87863505,0.0714002,0.04996479,Item: nod. Description: gesture. Type: concept. Category: gestures and habits. Subcategory: gesture.
http://www.wikidata.org/entity/Q12516,pyramid,structure whose shape is roughly that of a pyramid in the geometric sense,entity,architecture,building,cultural agnostic,False,0,cultural agnostic,0.8871878,0.8871878,0.07144923,0.041363034,Item: pyramid. Description: structure whose shape is roughly that of a pyramid in the geometric sense. Type: entity. Category: architecture. Subcategory: building.
http://www.wikidata.org/entity/Q27773,common sole,flatfish,concept,food,food,cultural agnostic,False,0,cultural agnostic,0.88241446,0.88241446,0.07197519,0.0456103,Item: common sole. Description: flatfish. Type: concept. Category: food. Subcategory: food.
http://www.wikidata.org/entity/Q188907,etiquette,customary code of polite behaviour,concept,gestures and habits,mores,cultural agnostic,False,0,cultural agnostic,0.8922237,0.8922237,0.063474335,0.044301983,Item: etiquette. Description: customary code of polite behaviour. Type: concept. Category: gestures and habits. Subcategory: mores.
http://www.wikidata.org/entity/Q627325,graphic designer,"professional who assembles images, typography or motion graphics to create a piece of design",concept,fashion,designer,cultural agnostic,False,0,cultural agnostic,0.895862,0.895862,0.06053056,0.04360746,"Item: graphic designer. Description: professional who assembles images, typography or motion graphics to create a piece of design. Type: concept. Category: fashion. Subcategory: designer."
http://www.wikidata.org/entity/Q11417,martial art,codified systems and traditions of combat practices,concept,gestures and habits,tradition,cultural agnostic,False,0,cultural agnostic,0.8835776,0.8835776,0.072902486,0.043519925,Item: martial art. Description: codified systems and traditions of combat practices. Type: concept. Category: gestures and habits. Subcategory: tradition.
http://www.wikidata.org/entity/Q434,Pyrus,genus of plants,concept,biology,tree,cultural agnostic,False,0,cultural agnostic,0.8970393,0.8970393,0.054783996,0.04817678,Item: Pyrus. Description: genus of plants. Type: concept. Category: biology. Subcategory: tree.
http://www.wikidata.org/entity/Q233591,communist party,political party that promotes communist philosophy and values,concept,politics,political party,cultural agnostic,False,0,cultural agnostic,0.62754977,0.62754977,0.28598526,0.08646501,Item: communist party. Description: political party that promotes communist philosophy and values. Type: concept. Category: politics. Subcategory: political party.
http://www.wikidata.org/entity/Q643996,Industrial Culture Handbook,book about industrial music and performance art,entity,books,book,cultural agnostic,False,0,cultural agnostic,0.43553102,0.43553102,0.26558465,0.29888427,Item: Industrial Culture Handbook. Description: book about industrial music and performance art. Type: entity. Category: books. Subcategory: book.
http://www.wikidata.org/entity/Q236913,space rock,genre of rock music,concept,music,music genre,cultural representative,False,0,cultural agnostic,0.80458415,0.80458415,0.14511056,0.050305292,Item: space rock. Description: genre of rock music. Type: concept. Category: music. Subcategory: music genre.
http://www.wikidata.org/entity/Q764,fungi,"biological kingdom, separate from plants and animals",concept,biology,organism,cultural agnostic,False,0,cultural agnostic,0.89847374,0.89847374,0.057509184,0.04401707,"Item: fungi. Description: biological kingdom, separate from plants and animals. Type: concept. Category: biology. Subcategory: organism."
http://www.wikidata.org/entity/Q58968,intellectual,person who engages in critical thinking and reasoning,concept,philosophy and religion,philosopher,cultural agnostic,False,0,cultural agnostic,0.8975157,0.8975157,0.05987944,0.042604793,Item: intellectual. Description: person who engages in critical thinking and reasoning. Type: concept. Category: philosophy and religion. Subcategory: philosopher.
http://www.wikidata.org/entity/Q162875,mausoleum,monument enclosing the interment space or burial chamber of a deceased person or people,concept,history,monument,cultural agnostic,False,0,cultural agnostic,0.89023,0.89023,0.06496631,0.044803698,Item: mausoleum. Description: monument enclosing the interment space or burial chamber of a deceased person or people. Type: concept. Category: history. Subcategory: monument.
http://www.wikidata.org/entity/Q3298,Intercontinental Champions' Supercup,Football competition,entity,sports,recurring sporting event,cultural representative,False,0,cultural agnostic,0.8186297,0.8186297,0.11528322,0.06608707,Item: Intercontinental Champions' Supercup. Description: Football competition. Type: entity. Category: sports. Subcategory: recurring sporting event.
http://www.wikidata.org/entity/Q1344,opera,artform combining sung text and musical score in a theatrical setting,concept,performing arts,theatrical genre,cultural representative,False,0,cultural agnostic,0.5614631,0.5614631,0.3691447,0.06939218,Item: opera. Description: artform combining sung text and musical score in a theatrical setting. Type: concept. Category: performing arts. Subcategory: theatrical genre.
http://www.wikidata.org/entity/Q11707,restaurant,"single establishment which prepares and serves food, located in building",concept,architecture,building,cultural agnostic,False,0,cultural agnostic,0.9019278,0.9019278,0.05721571,0.040856455,"Item: restaurant. Description: single establishment which prepares and serves food, located in building. Type: concept. Category: architecture. Subcategory: building."
http://www.wikidata.org/entity/Q911871,wilderness,undisturbed natural environment,concept,geography,environment,cultural agnostic,False,0,cultural agnostic,0.9048343,0.9048343,0.052546173,0.04261964,Item: wilderness. Description: undisturbed natural environment. Type: concept. Category: geography. Subcategory: environment.
http://www.wikidata.org/entity/Q36192,folklore,"cultural expressions of a particular group of people, manifested in verbal form (proverbs, jokes, legends, songs), material form (objects of art), customs (beliefs and ways of doing things)",entity,gestures and habits,tradition,cultural agnostic,False,0,cultural agnostic,0.8778694,0.8778694,0.07620744,0.045923084,"Item: folklore. Description: cultural expressions of a particular group of people, manifested in verbal form (proverbs, jokes, legends, songs), material form (objects of art), customs (beliefs and ways of doing things). Type: entity. Category: gestures and habits. Subcategory: tradition."
http://www.wikidata.org/entity/Q465501,stunt performer,person who performs stunts,concept,performing arts,actor,cultural agnostic,False,0,cultural agnostic,0.8976699,0.8976699,0.059088618,0.043241512,Item: stunt performer. Description: person who performs stunts. Type: concept. Category: performing arts. Subcategory: actor.
http://www.wikidata.org/entity/Q1552567,wolf pit,pit for trapping wolves,entity,architecture,construction,cultural agnostic,False,0,cultural agnostic,0.7043528,0.7043528,0.11948801,0.17615922,Item: wolf pit. Description: pit for trapping wolves. Type: entity. Category: architecture. Subcategory: construction.
http://www.wikidata.org/entity/Q15,Africa,continent,entity,geography,geographic location,cultural representative,False,0,cultural agnostic,0.5777759,0.5777759,0.29068607,0.1315381,Item: Africa. Description: continent. Type: entity. Category: geography. Subcategory: geographic location.
http://www.wikidata.org/entity/Q161439,jewelry,"creation of objects of personal adornment, which may fulfill both decorative and functional purposes",concept,visual arts,visual arts,cultural agnostic,False,0,cultural agnostic,0.89497197,0.89497197,0.06473038,0.04029755,"Item: jewelry. Description: creation of objects of personal adornment, which may fulfill both decorative and functional purposes. Type: concept. Category: visual arts. Subcategory: visual arts."
http://www.wikidata.org/entity/Q43091,orthography,set of conventions for writing a language,concept,politics,policy,cultural agnostic,False,0,cultural agnostic,0.9006128,0.9006128,0.05793526,0.041452054,Item: orthography. Description: set of conventions for writing a language. Type: concept. Category: politics. Subcategory: policy.
http://www.wikidata.org/entity/Q1140845,subterranean river,river that runs wholly or partly beneath the ground surface,concept,geography,river,cultural agnostic,False,0,cultural agnostic,0.9032529,0.9032529,0.05216675,0.044580445,Item: subterranean river. Description: river that runs wholly or partly beneath the ground surface. Type: concept. Category: geography. Subcategory: river.
http://www.wikidata.org/entity/Q8072,volcano,"natural, surface vent or fissure usually in a mountainous form",concept,geography,mountain,cultural agnostic,False,0,cultural agnostic,0.8966121,0.8966121,0.06349007,0.039897893,"Item: volcano. Description: natural, surface vent or fissure usually in a mountainous form. Type: concept. Category: geography. Subcategory: mountain."
http://www.wikidata.org/entity/Q11442,bicycle,pedal-driven two-wheel vehicle,entity,transportation,mode of transport,cultural agnostic,False,0,cultural agnostic,0.87083787,0.87083787,0.08629933,0.042862844,Item: bicycle. Description: pedal-driven two-wheel vehicle. Type: entity. Category: transportation. Subcategory: mode of transport.
http://www.wikidata.org/entity/Q134426,crime comic,comic genre,concept,comics and anime,comics,cultural agnostic,False,0,cultural agnostic,0.8912153,0.8912153,0.060827557,0.047957193,Item: crime comic. Description: comic genre. Type: concept. Category: comics and anime. Subcategory: comics.
http://www.wikidata.org/entity/Q10940,jockstrap,undergarment originally designed for supporting the male genitalia,concept,fashion,clothing,cultural agnostic,False,0,cultural agnostic,0.8441982,0.8441982,0.11280572,0.042996086,Item: jockstrap. Description: undergarment originally designed for supporting the male genitalia. Type: concept. Category: fashion. Subcategory: clothing.
http://www.wikidata.org/entity/Q27207,Osteichthyes,superclass of fish,concept,biology,fish,cultural agnostic,False,0,cultural agnostic,0.87976146,0.87976146,0.06861207,0.051626403,Item: Osteichthyes. Description: superclass of fish. Type: concept. Category: biology. Subcategory: fish.
http://www.wikidata.org/entity/Q11453,agricultural irrigation,artificial application of water to cultivated land,concept,transportation,transport,cultural agnostic,False,0,cultural agnostic,0.88982,0.88982,0.06283371,0.04734626,Item: agricultural irrigation. Description: artificial application of water to cultivated land. Type: concept. Category: transportation. Subcategory: transport.
http://www.wikidata.org/entity/Q5173,Bilateria,"animals with bilateral symmetry, at least as embryo",concept,biology,animal,cultural agnostic,False,0,cultural agnostic,0.8977804,0.8977804,0.0554087,0.046810932,"Item: Bilateria. Description: animals with bilateral symmetry, at least as embryo. Type: concept. Category: biology. Subcategory: animal."
http://www.wikidata.org/entity/Q379282,community journalism,journalism genre,concept,media,magazine,cultural agnostic,False,0,cultural agnostic,0.8978649,0.8978649,0.053343005,0.048792142,Item: community journalism. Description: journalism genre. Type: concept. Category: media. Subcategory: magazine.
http://www.wikidata.org/entity/Q130857,disc jockey,person who plays recorded music for an audience,concept,music,musician,cultural agnostic,False,0,cultural agnostic,0.8889876,0.8889876,0.06970557,0.041306827,Item: disc jockey. Description: person who plays recorded music for an audience. Type: concept. Category: music. Subcategory: musician.
http://www.wikidata.org/entity/Q29536,paganism,polytheistic religious groups,concept,philosophy and religion,religion,cultural representative,False,0,cultural agnostic,0.8784034,0.8784034,0.0769509,0.04464565,Item: paganism. Description: polytheistic religious groups. Type: concept. Category: philosophy and religion. Subcategory: religion.
http://www.wikidata.org/entity/Q11436,aircraft,machine that is able to fly by gaining support from the air other than the reactions of the air against the earth’s surface,concept,transportation,mode of transport,cultural agnostic,False,0,cultural agnostic,0.90071297,0.90071297,0.05639765,0.042889476,Item: aircraft. Description: machine that is able to fly by gaining support from the air other than the reactions of the air against the earth’s surface. Type: concept. Category: transportation. Subcategory: mode of transport.
http://www.wikidata.org/entity/Q3333382,mesocosm,outdoor controlled environment for experimental purposes,concept,geography,environment,cultural agnostic,False,0,cultural agnostic,0.89675677,0.89675677,0.053817414,0.049425837,Item: mesocosm. Description: outdoor controlled environment for experimental purposes. Type: concept. Category: geography. Subcategory: environment.
http://www.wikidata.org/entity/Q182370,paint-on-glass animation,animation technique,entity,comics and anime,animation technique,cultural agnostic,False,0,cultural agnostic,0.89221025,0.89221025,0.06431693,0.04347288,Item: paint-on-glass animation. Description: animation technique. Type: entity. Category: comics and anime. Subcategory: animation technique.
http://www.wikidata.org/entity/Q11254,table salt,"mineral used as food ingredient, composed primarily of sodium chloride",concept,food,ingredient,cultural agnostic,False,0,cultural agnostic,0.8445643,0.8445643,0.10873725,0.046698485,"Item: table salt. Description: mineral used as food ingredient, composed primarily of sodium chloride. Type: concept. Category: food. Subcategory: ingredient."
http://www.wikidata.org/entity/Q36180,writer,person who uses written words to communicate ideas and to produce literary works,concept,visual arts,artist,cultural agnostic,False,0,cultural agnostic,0.8984348,0.8984348,0.06041914,0.041145995,Item: writer. Description: person who uses written words to communicate ideas and to produce literary works. Type: concept. Category: visual arts. Subcategory: artist.
http://www.wikidata.org/entity/Q583479,Alcantara,trademark of a synthetic fabric,concept,fashion,textile,cultural agnostic,False,0,cultural agnostic,0.8033435,0.8033435,0.14645752,0.050198983,Item: Alcantara. Description: trademark of a synthetic fabric. Type: concept. Category: fashion. Subcategory: textile.
http://www.wikidata.org/entity/Q49759,bloc party,non-ruling but legal political parties in an authoritarian or totalitarian regime as auxiliary parties and members of a ruling coalition,concept,politics,political party,cultural agnostic,False,0,cultural agnostic,0.8831857,0.8831857,0.06331482,0.05349948,Item: bloc party. Description: non-ruling but legal political parties in an authoritarian or totalitarian regime as auxiliary parties and members of a ruling coalition. Type: concept. Category: politics. Subcategory: political party.
http://www.wikidata.org/entity/Q11122366,sandalwood,name of a class of fragrant woods from trees in the genus Santalum,concept,architecture,construction,cultural agnostic,False,0,cultural agnostic,0.7643603,0.7643603,0.18600717,0.049632493,Item: sandalwood. Description: name of a class of fragrant woods from trees in the genus Santalum. Type: concept. Category: architecture. Subcategory: construction.
http://www.wikidata.org/entity/Q7679703,Talk to Me,happening,entity,visual arts,happening,cultural exclusive,False,0,cultural agnostic,0.49389052,0.49389052,0.13569032,0.37041917,Item: Talk to Me. Description: happening. Type: entity. Category: visual arts. Subcategory: happening.
http://www.wikidata.org/entity/Q25814,seed plant,division of plants,concept,biology,plant,cultural agnostic,False,0,cultural agnostic,0.90004575,0.90004575,0.05265115,0.047303125,Item: seed plant. Description: division of plants. Type: concept. Category: biology. Subcategory: plant.
http://www.wikidata.org/entity/Q1568338,technical writer,professional information communicator,concept,books,non-fiction writer,cultural agnostic,False,0,cultural agnostic,0.90572405,0.90572405,0.049631998,0.044643946,Item: technical writer. Description: professional information communicator. Type: concept. Category: books. Subcategory: non-fiction writer.
http://www.wikidata.org/entity/Q430,dinosaur,clade of archosaurian reptiles (Archosauria),concept,biology,animal,cultural agnostic,False,0,cultural agnostic,0.89786625,0.89786625,0.061135303,0.04099844,Item: dinosaur. Description: clade of archosaurian reptiles (Archosauria). Type: concept. Category: biology. Subcategory: animal.
http://www.wikidata.org/entity/Q7696211,Telegram style,clipped language used in telegrams,concept,literature,writing style,cultural agnostic,False,0,cultural agnostic,0.8709823,0.8709823,0.075456254,0.053561468,Item: Telegram style. Description: clipped language used in telegrams. Type: concept. Category: literature. Subcategory: writing style.
http://www.wikidata.org/entity/Q192150,apéritif,alcoholic drink normally served before a meal,concept,food,drink,cultural representative,False,0,cultural agnostic,0.8729119,0.8729119,0.08244182,0.044646244,Item: apéritif. Description: alcoholic drink normally served before a meal. Type: concept. Category: food. Subcategory: drink.
http://www.wikidata.org/entity/Q1132695,calico,"balanced plain-weave cotton or cotton-blend fabric, often with a small printed pattern",concept,fashion,textile,cultural representative,False,0,cultural agnostic,0.6750102,0.6750102,0.26290914,0.0620807,"Item: calico. Description: balanced plain-weave cotton or cotton-blend fabric, often with a small printed pattern. Type: concept. Category: fashion. Subcategory: textile."
http://www.wikidata.org/entity/Q1371394,ethnographic film,film genre,entity,films,film genre,cultural agnostic,False,0,cultural agnostic,0.87173903,0.87173903,0.072439514,0.055821445,Item: ethnographic film. Description: film genre. Type: entity. Category: films. Subcategory: film genre.
http://www.wikidata.org/entity/Q674413,tell,term in poker,concept,gestures and habits,body language,cultural agnostic,False,0,cultural agnostic,0.86178905,0.86178905,0.09040114,0.04780984,Item: tell. Description: term in poker. Type: concept. Category: gestures and habits. Subcategory: body language.
http://www.wikidata.org/entity/Q11639,dance,rhythmic movement of the body,concept,sports,sport,cultural agnostic,False,0,cultural agnostic,0.89291775,0.89291775,0.06354789,0.043534387,Item: dance. Description: rhythmic movement of the body. Type: concept. Category: sports. Subcategory: sport.
http://www.wikidata.org/entity/Q693461,KREEP,"Geochemical component of some lunar rocks, potassium, lanthanides, and phosphorus",entity,food,ingredient,cultural agnostic,False,0,cultural agnostic,0.5861374,0.5861374,0.16444145,0.24942112,"Item: KREEP. Description: Geochemical component of some lunar rocks, potassium, lanthanides, and phosphorus. Type: entity. Category: food. Subcategory: ingredient."
http://www.wikidata.org/entity/Q1750272,milk bar,suburban local general store or café,concept,architecture,building,cultural agnostic,False,0,cultural agnostic,0.45698172,0.45698172,0.2570025,0.28601572,Item: milk bar. Description: suburban local general store or café. Type: concept. Category: architecture. Subcategory: building.
http://www.wikidata.org/entity/Q23407,philosophy of mind,branch of philosophy that studies the nature of the mind,concept,philosophy and religion,philosophy,cultural agnostic,False,0,cultural agnostic,0.8874195,0.8874195,0.07103066,0.041549854,Item: philosophy of mind. Description: branch of philosophy that studies the nature of the mind. Type: concept. Category: philosophy and religion. Subcategory: philosophy.
http://www.wikidata.org/entity/Q175122,terrestrial television,television content transmitted via signals in the air,concept,media,television,cultural agnostic,False,0,cultural agnostic,0.90175873,0.90175873,0.056715056,0.0415262,Item: terrestrial television. Description: television content transmitted via signals in the air. Type: concept. Category: media. Subcategory: television.
http://www.wikidata.org/entity/Q5119,capital city,"primary governing city of a top-level (country) or first-level and second-level subdivision (country, state, province, regency, etc) political entity",concept,geography,city,cultural agnostic,False,0,cultural agnostic,0.89007527,0.89007527,0.05904094,0.05088377,"Item: capital city. Description: primary governing city of a top-level (country) or first-level and second-level subdivision (country, state, province, regency, etc) political entity. Type: concept. Category: geography. Subcategory: city."
http://www.wikidata.org/entity/Q551835,physician writer,physicians who write creatively in fields outside their practice of medicine,concept,books,non-fiction writer,cultural agnostic,False,0,cultural agnostic,0.89716554,0.89716554,0.058836203,0.043998294,Item: physician writer. Description: physicians who write creatively in fields outside their practice of medicine. Type: concept. Category: books. Subcategory: non-fiction writer.
http://www.wikidata.org/entity/Q25314,Angiosperms,clade of flowering plants (in APG I-III),concept,biology,plant,cultural agnostic,False,0,cultural agnostic,0.8999227,0.8999227,0.053962,0.046115384,Item: Angiosperms. Description: clade of flowering plants (in APG I-III). Type: concept. Category: biology. Subcategory: plant.
http://www.wikidata.org/entity/Q584540,captain,member of a sports team,concept,sports,athlete,cultural agnostic,False,0,cultural agnostic,0.89689463,0.89689463,0.056849275,0.04625612,Item: captain. Description: member of a sports team. Type: concept. Category: sports. Subcategory: athlete.
http://www.wikidata.org/entity/Q386854,drummer,percussionist who creates and accompanies music using drums,entity,music,musical profession,cultural agnostic,False,0,cultural agnostic,0.8893997,0.8893997,0.06857037,0.0420299,Item: drummer. Description: percussionist who creates and accompanies music using drums. Type: entity. Category: music. Subcategory: musical profession.
http://www.wikidata.org/entity/Q486748,pianist,musician who plays the piano,concept,music,musical profession,cultural agnostic,False,0,cultural agnostic,0.88106817,0.88106817,0.075743005,0.043188814,Item: pianist. Description: musician who plays the piano. Type: concept. Category: music. Subcategory: musical profession.
http://www.wikidata.org/entity/Q7372,shark,clade of predatory cartilaginous fish (Chondrichthyes),concept,biology,fish,cultural agnostic,False,0,cultural agnostic,0.90078187,0.90078187,0.05923368,0.0399844,Item: shark. Description: clade of predatory cartilaginous fish (Chondrichthyes). Type: concept. Category: biology. Subcategory: fish.
http://www.wikidata.org/entity/Q270844,The World,artificial archipelago of various small islands,entity,architecture,architectural structure,cultural representative,False,0,cultural agnostic,0.8423795,0.8423795,0.0762938,0.08132671,Item: The World. Description: artificial archipelago of various small islands. Type: entity. Category: architecture. Subcategory: architectural structure.
http://www.wikidata.org/entity/Q7367,Culicidae,family of nematoceran flies,concept,biology,animal,cultural agnostic,False,0,cultural agnostic,0.89683765,0.89683765,0.059767712,0.043394603,Item: Culicidae. Description: family of nematoceran flies. Type: concept. Category: biology. Subcategory: animal.
http://www.wikidata.org/entity/Q284465,lectionary,book of scripture readings for a particular day or occasion,concept,books,religious book,cultural representative,False,0,cultural agnostic,0.8592821,0.8592821,0.091290854,0.049427107,Item: lectionary. Description: book of scripture readings for a particular day or occasion. Type: concept. Category: books. Subcategory: religious book.
http://www.wikidata.org/entity/Q460039,Mixed team,Olympic delegation,concept,sports,sports team,cultural agnostic,False,0,cultural agnostic,0.8780878,0.8780878,0.06864357,0.053268645,Item: Mixed team. Description: Olympic delegation. Type: concept. Category: sports. Subcategory: sports team.
http://www.wikidata.org/entity/Q7194764,pin and hanger assembly,assembly used to connect two plate girders of a bridge,concept,architecture,construction,cultural agnostic,False,0,cultural agnostic,0.8984139,0.8984139,0.058032956,0.043553237,Item: pin and hanger assembly. Description: assembly used to connect two plate girders of a bridge. Type: concept. Category: architecture. Subcategory: construction.
http://www.wikidata.org/entity/Q211367,sheet metal,"metal formed into thin, flat pieces, usually by an industrial process",entity,architecture,building material,cultural agnostic,False,0,cultural agnostic,0.9022274,0.9022274,0.05888406,0.03888855,"Item: sheet metal. Description: metal formed into thin, flat pieces, usually by an industrial process. Type: entity. Category: architecture. Subcategory: building material."
http://www.wikidata.org/entity/Q1074069,tidal river,river whose flow and level are influenced by tides,concept,geography,river,cultural agnostic,False,0,cultural agnostic,0.90479153,0.90479153,0.0514095,0.043798987,Item: tidal river. Description: river whose flow and level are influenced by tides. Type: concept. Category: geography. Subcategory: river.
http://www.wikidata.org/entity/Q187120,time shifting,recording a program to be viewed or listened to after the airing time,concept,media,television,cultural agnostic,False,0,cultural agnostic,0.89111924,0.89111924,0.06584636,0.04303438,Item: time shifting. Description: recording a program to be viewed or listened to after the airing time. Type: concept. Category: media. Subcategory: television.
http://www.wikidata.org/entity/Q18240,carnivorous plant,plant that traps and consumes animals or protozoans,concept,biology,plant,cultural agnostic,False,0,cultural agnostic,0.8975162,0.8975162,0.060340744,0.04214309,Item: carnivorous plant. Description: plant that traps and consumes animals or protozoans. Type: concept. Category: biology. Subcategory: plant.
http://www.wikidata.org/entity/Q429088,mons,mountain on a celestial body,concept,geography,mountain,cultural agnostic,False,0,cultural agnostic,0.88849396,0.88849396,0.06227985,0.049226135,Item: mons. Description: mountain on a celestial body. Type: concept. Category: geography. Subcategory: mountain.
http://www.wikidata.org/entity/Q184781,traditional animation,animation technique in which frames are hand-drawn,concept,comics and anime,animation technique,cultural agnostic,False,0,cultural agnostic,0.8909253,0.8909253,0.06678977,0.04228483,Item: traditional animation. Description: animation technique in which frames are hand-drawn. Type: concept. Category: comics and anime. Subcategory: animation technique.
http://www.wikidata.org/entity/Q200751,pixilation,type of stop-motion animation using live actors,concept,comics and anime,animation technique,cultural agnostic,False,0,cultural agnostic,0.8908837,0.8908837,0.06387113,0.045245137,Item: pixilation. Description: type of stop-motion animation using live actors. Type: concept. Category: comics and anime. Subcategory: animation technique.
http://www.wikidata.org/entity/Q870,train,form of rail transport consisting of a series of connected vehicles,concept,transportation,mode of transport,cultural agnostic,False,0,cultural agnostic,0.899865,0.899865,0.059303205,0.040831774,Item: train. Description: form of rail transport consisting of a series of connected vehicles. Type: concept. Category: transportation. Subcategory: mode of transport.
http://www.wikidata.org/entity/Q375,waffle,"batter- or dough-based food cooked between two patterned, shaped plates",concept,food,dish,cultural representative,False,0,cultural agnostic,0.57613045,0.57613045,0.35581475,0.0680548,"Item: waffle. Description: batter- or dough-based food cooked between two patterned, shaped plates. Type: concept. Category: food. Subcategory: dish."
http://www.wikidata.org/entity/Q235858,traditional folk music,"local or regional traditional music that was originally produced in performance and transmitted in community conditions, as well as music written stylistically and/or ideologically within these traditions",entity,music,music genre,cultural agnostic,False,0,cultural agnostic,0.8512403,0.8512403,0.099193975,0.049565755,"Item: traditional folk music. Description: local or regional traditional music that was originally produced in performance and transmitted in community conditions, as well as music written stylistically and/or ideologically within these traditions. Type: entity. Category: music. Subcategory: music genre."
http://www.wikidata.org/entity/Q12024,Pinus,genus of plants in the conifer family Pinaceae,concept,biology,tree,cultural agnostic,False,0,cultural agnostic,0.9005298,0.9005298,0.056570847,0.042899374,Item: Pinus. Description: genus of plants in the conifer family Pinaceae. Type: concept. Category: biology. Subcategory: tree.
http://www.wikidata.org/entity/Q756,plant,living thing in the kingdom of photosynthetic eukaryotes,concept,biology,organism,cultural agnostic,False,0,cultural agnostic,0.8959831,0.8959831,0.059444033,0.044572916,Item: plant. Description: living thing in the kingdom of photosynthetic eukaryotes. Type: concept. Category: biology. Subcategory: organism.
http://www.wikidata.org/entity/Q699,fairy tale,fictional story typically featuring folkloric fantasy characters and magic,entity,literature,literary genre,cultural agnostic,False,0,cultural agnostic,0.7436107,0.7436107,0.1996612,0.05672814,Item: fairy tale. Description: fictional story typically featuring folkloric fantasy characters and magic. Type: entity. Category: literature. Subcategory: literary genre.
http://www.wikidata.org/entity/Q1133078,logographer,historical profession,concept,history,historian,cultural agnostic,False,0,cultural agnostic,0.8734937,0.8734937,0.06264402,0.063862294,Item: logographer. Description: historical profession. Type: concept. Category: history. Subcategory: historian.
http://www.wikidata.org/entity/Q222344,cinematographer,chief over the camera and lighting crews working on a film,concept,visual arts,artist,cultural agnostic,False,0,cultural agnostic,0.88940626,0.88940626,0.06709199,0.04350168,Item: cinematographer. Description: chief over the camera and lighting crews working on a film. Type: concept. Category: visual arts. Subcategory: artist.
http://www.wikidata.org/entity/Q62449,flat white,espresso-based coffee beverage,concept,food,drink,cultural representative,False,0,cultural agnostic,0.47265,0.47265,0.4688345,0.058515556,Item: flat white. Description: espresso-based coffee beverage. Type: concept. Category: food. Subcategory: drink.
http://www.wikidata.org/entity/Q340709,shrug,"gesture indicating an individual does not know an answer to a question, or does not care about something",concept,gestures and habits,gesture,cultural agnostic,False,0,cultural agnostic,0.8234016,0.8234016,0.123169355,0.05342903,"Item: shrug. Description: gesture indicating an individual does not know an answer to a question, or does not care about something. Type: concept. Category: gestures and habits. Subcategory: gesture."
http://www.wikidata.org/entity/Q172964,goalkeeper,sports position played in defense of one's own goal,concept,sports,athlete,cultural agnostic,False,0,cultural agnostic,0.88131756,0.88131756,0.07750777,0.04117461,Item: goalkeeper. Description: sports position played in defense of one's own goal. Type: concept. Category: sports. Subcategory: athlete.
http://www.wikidata.org/entity/Q3151019,architectural engineer,engineer specialising in the design and operation of buildings,concept,architecture,architect,cultural agnostic,False,0,cultural agnostic,0.9032555,0.9032555,0.050105702,0.046638776,Item: architectural engineer. Description: engineer specialising in the design and operation of buildings. Type: concept. Category: architecture. Subcategory: architect.
http://www.wikidata.org/entity/Q2743,musical,"stage work that combines songs, music, spoken dialogue, acting, and dance",concept,performing arts,theatrical genre,cultural agnostic,False,0,cultural agnostic,0.8910188,0.8910188,0.06822875,0.040752422,"Item: musical. Description: stage work that combines songs, music, spoken dialogue, acting, and dance. Type: concept. Category: performing arts. Subcategory: theatrical genre."
http://www.wikidata.org/entity/Q158852,conductor,person who directs a musical group during a performance,concept,music,musician,cultural agnostic,False,0,cultural agnostic,0.8964701,0.8964701,0.0637212,0.03980873,Item: conductor. Description: person who directs a musical group during a performance. Type: concept. Category: music. Subcategory: musician.
http://www.wikidata.org/entity/Q172349,crown molding,"decorative element to gracefully flare out to a finished top edge such as capping walls, pilasters, and cabinets",concept,architecture,building material,cultural agnostic,False,0,cultural agnostic,0.8823813,0.8823813,0.075598516,0.04202008,"Item: crown molding. Description: decorative element to gracefully flare out to a finished top edge such as capping walls, pilasters, and cabinets. Type: concept. Category: architecture. Subcategory: building material."
http://www.wikidata.org/entity/Q685935,trade magazine,periodical dedicated to a particular field,concept,media,magazine,cultural agnostic,False,0,cultural agnostic,0.9014911,0.9014911,0.05181971,0.046689164,Item: trade magazine. Description: periodical dedicated to a particular field. Type: concept. Category: media. Subcategory: magazine.
http://www.wikidata.org/entity/Q42973,architect,"person trained to plan and design buildings, and oversee their construction",concept,fashion,designer,cultural agnostic,False,0,cultural agnostic,0.8851243,0.8851243,0.07385876,0.041017015,"Item: architect. Description: person trained to plan and design buildings, and oversee their construction. Type: concept. Category: fashion. Subcategory: designer."
http://www.wikidata.org/entity/Q207241,applied arts,arts that apply design and decoration to everyday objects,concept,visual arts,visual arts,cultural agnostic,False,0,cultural agnostic,0.9025764,0.9025764,0.054866765,0.042556804,Item: applied arts. Description: arts that apply design and decoration to everyday objects. Type: concept. Category: visual arts. Subcategory: visual arts.
